{
  "config": {
    "sizes": [
      4,
      6,
      10,
      16,
      24,
      40
    ],
    "rounds": 50,
    "trials": 30
  },
  "results": {
    "4": {
      "deal_rate": {
        "mean": 0.125,
        "std": 0.005085476277156084,
        "ci": [
          0.12318018568586489,
          0.1268198143141351
        ]
      },
      "gini_wealth": {
        "mean": 0.1,
        "std": 0.0009322701099855789,
        "ci": [
          0.09966639142563441,
          0.1003336085743656
        ]
      },
      "gini_utility": {
        "mean": 0.5,
        "std": 0.0
      },
      "avg_price": {
        "mean": 0.9602403846153844,
        "std": 0.008574412554392773
      },
      "strat_wealth": {
        "greedy": -2.0000000000000058,
        "fair": 1.9999999999999958
      },
      "strat_utility": {
        "greedy": 0.0,
        "fair": 0.2375
      }
    },
    "6": {
      "deal_rate": {
        "mean": 0.13933333333333334,
        "std": 0.007701320979389587,
        "ci": [
          0.13657745101430702,
          0.14208921565235966
        ]
      },
      "gini_wealth": {
        "mean": 0.10227924528301889,
        "std": 0.0017459041997506702,
        "ci": [
          0.10165448148890055,
          0.10290400907713723
        ]
      },
      "gini_utility": {
        "mean": 0.07354111667455661,
        "std": 0.007322334178061645
      },
      "avg_price": {
        "mean": 0.9749557547872951,
        "std": 0.00868509035072521
      },
      "strat_wealth": {
        "greedy": -1.5700000000000136,
        "fair": 1.9739999999999955,
        "patient": -0.40400000000000347
      },
      "strat_utility": {
        "greedy": 0.17216666666666666,
        "fair": 0.23726666666666665,
        "patient": 0.18458955302702962
      }
    },
    "10": {
      "deal_rate": {
        "mean": 0.16693333333333335,
        "std": 0.009332676495770796,
        "ci": [
          0.16359367794009383,
          0.17027298872657287
        ]
      },
      "gini_wealth": {
        "mean": 0.0924739891116253,
        "std": 0.003403977577101453,
        "ci": [
          0.09125589137953474,
          0.09369208684371585
        ]
      },
      "gini_utility": {
        "mean": 0.07155311104844723,
        "std": 0.008734059874324407
      },
      "avg_price": {
        "mean": 0.9249067872843276,
        "std": 0.01821535145182911
      },
      "strat_wealth": {
        "greedy": -0.21947056994109057,
        "fair": 0.8348704997490093,
        "patient": -0.6633516100718357,
        "adaptive": 0.2674222502049967
      },
      "strat_utility": {
        "greedy": 0.18896666666666667,
        "fair": 0.23493351720642616,
        "patient": 0.181383832191258,
        "adaptive": 0.24636666666666665
      }
    },
    "16": {
      "deal_rate": {
        "mean": 0.1915833333333333,
        "std": 0.00786423959247276,
        "ci": [
          0.18876915133735056,
          0.19439751532931604
        ]
      },
      "gini_wealth": {
        "mean": 0.09620061189415637,
        "std": 0.0035145144187004517,
        "ci": [
          0.09494295906130076,
          0.09745826472701197
        ]
      },
      "gini_utility": {
        "mean": 0.061513097422557526,
        "std": 0.005375129904373644
      },
      "avg_price": {
        "mean": 0.9397209504933244,
        "std": 0.01552976797556082
      },
      "strat_wealth": {
        "greedy": -0.04974589550182458,
        "fair": -0.17033349999634925,
        "patient": -0.8274682919111548,
        "adaptive": 1.0475476874093297
      },
      "strat_utility": {
        "greedy": 0.2067,
        "fair": 0.2332080410378818,
        "patient": 0.18360241409954173,
        "adaptive": 0.24286666666666665
      }
    },
    "24": {
      "deal_rate": {
        "mean": 0.1919444444444445,
        "std": 0.006739307315346058,
        "ci": [
          0.18953281429390909,
          0.19435607459497992
        ]
      },
      "gini_wealth": {
        "mean": 0.09596723662681858,
        "std": 0.003031169127797337,
        "ci": [
          0.0948825466849721,
          0.09705192656866506
        ]
      },
      "gini_utility": {
        "mean": 0.06385869530173995,
        "std": 0.005391075626799496
      },
      "avg_price": {
        "mean": 0.935660320100136,
        "std": 0.014094774215955291
      },
      "strat_wealth": {
        "greedy": -0.6449439533611077,
        "fair": -0.185264439694873,
        "patient": -0.8283743254955038,
        "adaptive": 1.6585827185514834
      },
      "strat_utility": {
        "greedy": 0.20444444444444443,
        "fair": 0.23316321959928074,
        "patient": 0.1847036917342017,
        "adaptive": 0.24473333333333333
      }
    },
    "40": {
      "deal_rate": {
        "mean": 0.19093333333333334,
        "std": 0.005698961389546367,
        "ci": [
          0.18889398619116174,
          0.19297268047550495
        ]
      },
      "gini_wealth": {
        "mean": 0.09622276126644516,
        "std": 0.0018055591906395798,
        "ci": [
          0.09557665020799744,
          0.09686887232489289
        ]
      },
      "gini_utility": {
        "mean": 0.06296201016621522,
        "std": 0.004455657438975861
      },
      "avg_price": {
        "mean": 0.9400803918523055,
        "std": 0.012277294604030311
      },
      "strat_wealth": {
        "greedy": -0.03221851023919163,
        "fair": -0.10780608851254689,
        "patient": -0.6677262098832447,
        "adaptive": 0.8077508086349794
      },
      "strat_utility": {
        "greedy": 0.20604666666666666,
        "fair": 0.23343689856117023,
        "patient": 0.18414630480196784,
        "adaptive": 0.24272334745606403
      }
    }
  }
}